shortName,GPS,mass_1_source,mass_2_source,total_mass_source,final_mass_source,snr,luminosity_distance,chi_eff,chirp_mass_source,redshift
GW150914-v4,1126259462.4,34.6,30.0,64.5,61.5,26.0,470.0,-0.04,27.9,0.1
GW151012-v4,1128678900.4,24.8,13.6,38.8,37.1,9.3,1000.0,0.12,15.6,0.2
GW151226-v3,1135136350.6,14.2,7.5,21.7,20.7,12.7,460.0,0.2,8.9,0.1
GW170104-v3,1167559936.6,28.7,20.8,49.6,47.5,13.8,1110.0,-0.04,21.1,0.22
GW170608-v4,1180922494.5,10.6,7.8,18.5,17.7,15.3,340.0,0.05,7.9,0.07
GW170729-v2,1185389807.3,54.7,30.2,84.4,80.3,10.7,2490.0,0.29,34.6,0.44
GW170809-v2,1186302519.8,34.1,24.2,58.5,55.7,12.8,1070.0,0.07,24.8,0.21
GW170814-v4,1186741861.5,30.9,24.9,56.0,53.2,17.7,610.0,0.08,24.1,0.13
GW170818-v2,1187058327.1,34.8,27.6,62.5,59.7,12.0,1080.0,-0.06,26.8,0.21
GW170823-v2,1187529256.5,38.3,29.0,67.0,63.9,12.2,1970.0,0.05,28.6,0.36
GW190403_051519-v1,1238303737.2,85.0,20.0,106.6,102.2,7.6,8280.0,0.68,34.0,1.18
GW190408_181802-v2,1238782700.2,24.8,18.5,43.4,41.4,14.6,1540.0,-0.03,18.5,0.29
GW190412_053044-v4,1239082262.1,27.7,9.0,36.8,35.6,19.8,720.0,0.21,13.3,0.15
GW190413_052954-v2,1239168612.5,33.7,24.2,58.0,55.5,9.0,3320.0,-0.04,24.5,0.56
GW190413_134308-v2,1239198206.7,51.3,30.4,81.3,78.0,10.6,3800.0,-0.01,33.3,0.62
GW190421_213856-v2,1239917954.2,42.0,32.0,73.6,70.5,10.7,2590.0,-0.1,31.4,0.45
GW190426_190642-v1,1240340820.6,105.5,76.0,182.3,172.9,8.7,4580.0,0.23,76.0,0.73
GW190503_185404-v2,1240944862.2,41.3,28.3,69.4,66.5,12.2,1520.0,-0.05,29.3,0.29
GW190512_180714-v2,1241719652.4,23.2,12.5,35.8,34.3,12.7,1460.0,0.02,14.6,0.28
GW190513_205428-v2,1241816086.7,36.0,18.3,54.4,52.1,12.5,2210.0,0.16,21.8,0.4
GW190514_065416-v2,1241852074.8,40.9,28.4,69.3,66.4,8.0,3890.0,-0.08,29.1,0.64
GW190517_055101-v2,1242107479.8,39.2,24.0,64.1,60.1,10.8,1790.0,0.49,26.5,0.33
GW190519_153544-v2,1242315362.3,65.1,40.8,105.6,100.0,15.9,2600.0,0.33,44.3,0.45
GW190521_030229-v4,1242442967.4,98.4,57.2,153.1,147.4,14.3,3310.0,-0.14,63.3,0.56
GW190521_074359-v2,1242459857.4,43.4,33.4,76.3,72.6,25.9,1080.0,0.1,32.8,0.21
GW190527_092055-v2,1242984073.7,35.6,22.2,58.1,55.5,8.0,2520.0,0.1,23.9,0.44
GW190602_175927-v2,1243533585.0,71.8,44.8,115.6,110.5,13.2,2840.0,0.12,48.0,0.49
GW190620_030421-v2,1245035079.3,58.0,35.0,92.7,88.0,12.1,2910.0,0.34,38.1,0.5
GW190630_185205-v2,1245955943.1,35.1,24.0,59.4,56.6,16.4,870.0,0.1,25.1,0.18
GW190701_203306-v2,1246048404.5,54.1,40.5,94.3,90.2,11.2,2090.0,-0.08,40.2,0.38
GW190706_222641-v2,1246487219.3,74.0,39.4,112.6,107.3,13.4,3630.0,0.28,45.6,0.6
GW190707_093326-v2,1246527224.1,12.1,7.9,20.1,19.2,13.1,850.0,-0.04,8.4,0.17
GW190708_232457-v2,1246663515.3,19.8,11.6,31.4,30.1,13.4,930.0,0.05,13.1,0.19
GW190719_215514-v2,1247608532.9,36.6,19.9,57.2,54.5,7.9,3730.0,0.25,22.8,0.61
GW190720_000836-v2,1247616534.7,14.2,7.5,21.8,20.8,10.9,770.0,0.19,9.0,0.16
GW190725_174728-v1,1248112066.4,11.8,6.3,18.3,17.6,9.1,1030.0,-0.04,7.4,0.2
GW190727_060333-v2,1248242631.9,38.9,30.2,68.8,65.4,11.7,3070.0,0.09,29.4,0.52
GW190728_064510-v2,1248331528.5,12.5,8.0,20.7,19.7,13.1,880.0,0.13,8.6,0.18
GW190731_140936-v2,1248617394.6,41.8,29.0,70.7,67.4,8.8,3330.0,0.07,29.7,0.56
GW190803_022701-v2,1248834439.8,37.7,27.6,65.0,62.1,9.3,3190.0,-0.01,27.6,0.54
GW190805_211137-v1,1249074715.3,46.2,30.6,76.7,72.4,8.1,6130.0,0.37,31.9,0.92
GW190814_211039-v3,1249852257.0,23.3,2.6,25.9,25.7,25.3,230.0,0.0,6.11,0.05
GW190828_063405-v2,1251009263.7,31.9,25.8,57.2,54.3,16.5,2070.0,0.15,24.6,0.38
GW190828_065509-v2,1251010527.8,23.7,10.4,34.3,33.0,10.2,1540.0,0.05,13.4,0.29
GW190910_112807-v2,1252150105.3,43.8,34.2,78.0,74.4,14.5,1520.0,0.0,33.5,0.29
GW190915_235702-v2,1252627040.6,32.6,24.5,57.2,54.7,13.1,1750.0,-0.03,24.4,0.32
GW190916_200658-v1,1252699636.9,43.8,23.3,68.0,65.0,8.1,4940.0,0.2,26.9,0.77
GW190917_114630-v1,1252756008.0,9.7,2.1,11.8,11.6,8.3,720.0,-0.08,3.7,0.15
GW190924_021846-v2,1253326744.8,8.8,5.1,13.9,13.3,12.0,550.0,0.03,5.8,0.11
GW190925_232845-v1,1253489343.1,20.8,15.5,36.7,34.9,9.7,930.0,0.09,15.6,0.19
GW190926_050336-v1,1253509434.0,41.1,20.4,61.9,59.6,8.1,3280.0,-0.02,24.4,0.55
GW190929_012149-v2,1253755327.4,66.3,26.8,93.3,90.3,9.7,3130.0,-0.03,35.6,0.53
GW190930_133541-v2,1253885759.2,14.2,6.9,21.2,20.2,9.7,770.0,0.19,8.5,0.16
GW191103_012549-v1,1256779567.5,11.8,7.9,20.0,19.0,8.9,990.0,0.21,8.34,0.2
GW191105_143521-v1,1256999739.9,10.7,7.7,18.5,17.6,9.7,1150.0,-0.02,7.82,0.23
GW191109_010717-v1,1257296855.2,65.0,47.0,112.0,107.0,17.3,1290.0,-0.29,47.5,0.25
GW191113_071753-v1,1257664691.8,29.0,5.9,34.5,34.0,7.9,1370.0,0.0,10.7,0.26
GW191126_115259-v1,1258804397.6,12.1,8.3,20.7,19.6,8.3,1620.0,0.21,8.65,0.3
GW191127_050227-v1,1258866165.5,53.0,24.0,80.0,76.0,9.2,3400.0,0.18,29.9,0.57
GW191129_134029-v1,1259070047.1,10.7,6.7,17.5,16.8,13.1,790.0,0.06,7.31,0.16
GW191204_110529-v1,1259492747.5,27.3,19.2,47.1,45.0,8.9,1900.0,0.05,19.8,0.34
GW191204_171526-v1,1259514944.0,11.7,8.4,20.19,19.18,17.4,640.0,0.16,8.56,0.13
GW191215_223052-v1,1260484270.3,24.9,18.1,43.3,41.4,11.2,1930.0,-0.04,18.4,0.35
GW191216_213338-v1,1260567236.4,12.1,7.7,19.8,18.87,18.6,340.0,0.11,8.33,0.07
GW191219_163120-v1,1260808298.4,31.1,1.17,32.3,32.2,9.1,550.0,0.0,4.31,0.11
GW191222_033537-v1,1261020955.1,45.1,34.7,79.0,75.5,12.5,3000.0,-0.04,33.8,0.51
GW191230_180458-v1,1261764316.4,49.4,37.0,86.0,82.0,10.4,4300.0,-0.05,36.5,0.69
GW200112_155838-v1,1262879936.0,35.6,28.3,63.9,60.8,19.8,1250.0,0.06,27.4,0.24
GW200115_042309-v2,1263097407.7,5.9,1.44,7.4,7.2,11.3,290.0,-0.15,2.43,0.06
GW200128_022011-v1,1264213229.9,42.2,32.6,75.0,71.0,10.6,3400.0,0.12,32.0,0.56
GW200129_065458-v1,1264316116.4,34.5,29.0,63.3,60.2,26.8,890.0,0.11,27.2,0.18
GW200202_154313-v1,1264693411.5,10.1,7.3,17.58,16.76,10.8,410.0,0.04,7.49,0.09
GW200208_130117-v1,1265202095.9,37.7,27.4,65.3,62.5,10.8,2230.0,-0.07,27.7,0.4
GW200208_222617-v1,1265235995.9,51.0,12.3,63.0,61.0,7.4,4100.0,0.45,19.8,0.66
GW200209_085452-v1,1265273710.1,35.6,27.1,62.6,59.9,9.6,3400.0,-0.12,26.7,0.57
GW200210_092254-v1,1265361792.9,24.1,2.83,27.0,26.7,8.4,940.0,0.02,6.56,0.19
GW200216_220804-v1,1265926102.8,51.0,30.0,81.0,78.0,8.1,3800.0,0.1,32.9,0.63
GW200219_094415-v1,1266140673.1,37.5,27.9,65.0,62.2,10.7,3400.0,-0.08,27.6,0.57
GW200220_061928-v1,1266214786.7,87.0,61.0,148.0,141.0,7.2,6000.0,0.06,62.0,0.9
GW200220_124850-v1,1266238148.1,38.9,27.9,67.0,64.0,8.5,4000.0,-0.07,28.2,0.66
GW200224_222234-v1,1266618172.4,40.0,32.7,72.3,68.7,20.0,1710.0,0.1,31.1,0.32
GW200225_060421-v1,1266645879.3,19.3,14.0,33.5,32.1,12.5,1150.0,-0.12,14.2,0.22
GW200302_015811-v1,1267149509.5,37.8,20.0,57.8,55.5,10.8,1480.0,0.01,23.4,0.28
GW200306_093714-v1,1267522652.1,28.3,14.8,43.9,41.7,7.8,2100.0,0.32,17.5,0.38
GW200308_173609-v1,1267724187.7,60.0,24.0,92.0,88.0,4.7,7100.0,0.16,34.0,1.04
GW200311_115853-v1,1267963151.3,34.2,27.7,61.9,59.0,17.8,1170.0,-0.02,26.6,0.23
GW200316_215756-v1,1268431094.1,13.1,7.8,21.2,20.2,10.3,1120.0,0.13,8.75,0.22
GW200322_091133-v1,1268903511.3,38.0,11.3,50.0,48.0,4.5,3500.0,0.27,15.0,0.59
GW230601_224134-v2,1369694512.1,64.0,44.0,107.0,102.0,13.4,3700.0,-0.03,45.1,0.6
GW230605_065343-v2,1369983241.5,17.4,11.0,28.6,27.3,11.4,1060.0,0.06,11.95,0.21
GW230606_004305-v2,1370047403.8,37.6,25.7,63.4,60.8,11.1,2800.0,-0.11,26.5,0.48
GW230608_205047-v2,1370292665.2,48.0,31.0,79.0,75.0,10.2,3500.0,0.04,32.7,0.58
GW230609_064958-v2,1370328616.3,35.4,25.2,60.5,58.0,10.6,3400.0,-0.14,25.6,0.56
GW230624_113103-v2,1371641481.7,27.1,16.1,43.7,41.7,11.4,1930.0,0.17,18.0,0.35
GW230627_015337-v2,1371866035.8,8.4,5.74,14.22,13.57,28.7,305.0,0.02,6.02,0.07
GW230628_231200-v2,1372029138.4,32.5,27.0,59.2,56.4,16.4,2260.0,-0.01,25.5,0.4
GW230630_125806-v2,1372165104.9,51.0,33.0,84.0,80.0,9.0,5400.0,0.18,35.0,0.83
GW230630_234532-v2,1372203950.4,10.0,6.6,16.8,16.1,9.9,1090.0,-0.04,7.06,0.21
GW230702_185453-v2,1372359311.7,40.0,18.0,60.0,57.0,10.1,2500.0,0.05,22.9,0.44
GW230704_021211-v2,1372471949.2,32.6,20.0,53.0,50.7,9.4,2700.0,-0.01,21.9,0.47
GW230704_212616-v2,1372541194.7,89.0,50.0,139.0,132.0,8.7,7300.0,0.27,56.0,1.06
GW230706_104333-v2,1372675431.2,16.3,11.5,28.0,26.6,9.2,1910.0,0.19,11.8,0.35
GW230707_124047-v2,1372768865.3,46.1,36.3,82.0,78.0,11.9,4400.0,-0.05,35.1,0.71
GW230708_053705-v2,1372829843.1,29.1,22.7,51.9,49.4,8.9,3300.0,0.06,22.2,0.55
GW230708_230935-v2,1372892993.5,64.0,40.0,103.0,99.0,10.0,3500.0,0.01,42.6,0.59
GW230709_122727-v2,1372940865.2,45.0,30.0,74.0,71.0,10.2,4700.0,0.08,30.9,0.74
GW230712_090405-v2,1373187863.9,32.0,12.5,46.0,44.0,9.5,2000.0,-0.02,16.2,0.37
GW230723_101834-v2,1374142732.4,16.6,10.6,27.5,26.4,10.1,1610.0,-0.18,11.4,0.3
GW230726_002940-v2,1374366598.1,35.6,27.9,63.6,60.6,10.5,2100.0,-0.02,27.2,0.37
GW230729_082317-v2,1374654215.2,12.3,7.6,20.3,19.3,9.5,1640.0,0.12,8.34,0.31
GW230731_215307-v2,1374875605.9,10.3,7.9,18.3,17.4,12.2,1100.0,-0.05,7.78,0.22
GW230803_033412-v2,1375068870.4,44.0,29.0,73.0,70.0,9.4,5000.0,0.07,30.5,0.78
GW230805_034249-v2,1375242188.0,32.2,22.6,54.9,52.4,9.5,3500.0,0.06,23.1,0.58
GW230806_204041-v2,1375389659.9,51.0,35.0,86.0,82.0,9.4,5500.0,0.08,35.9,0.84
GW230811_032116-v2,1375759294.3,35.4,22.3,57.9,55.3,13.6,2100.0,0.03,24.1,0.38
GW230814_061920-v2,1376029178.5,69.0,42.0,111.0,106.0,11.2,4000.0,0.07,46.0,0.64
GW230814_230901-v3,1376089759.8,33.7,28.2,61.9,59.0,43.0,290.0,-0.01,26.78,0.06
GW230819_171910-v2,1376500768.4,70.0,35.0,106.0,102.0,9.9,4100.0,-0.04,42.0,0.66
GW230820_212515-v2,1376601934.0,62.0,34.0,96.0,92.0,9.3,4000.0,0.21,38.5,0.65
GW230824_033047-v2,1376883065.7,53.0,36.0,88.0,84.0,11.1,4700.0,-0.01,36.9,0.74
GW230825_041334-v2,1376972032.5,44.0,27.2,71.0,67.0,8.8,4900.0,0.29,29.5,0.76
GW230831_015414-v2,1377482072.1,42.0,30.0,73.0,69.0,8.6,4900.0,0.04,30.7,0.77
GW230904_051013-v2,1377839431.1,10.6,7.1,17.9,17.1,10.5,1030.0,0.05,7.53,0.2
GW230911_195324-v2,1378497222.2,33.9,21.6,55.5,53.1,11.1,1350.0,-0.02,23.2,0.26
GW230914_111401-v2,1378725259.7,60.0,37.0,96.0,91.2,17.2,2700.0,0.12,39.8,0.47
GW230919_215712-v2,1379195850.0,27.3,21.4,49.1,46.5,16.8,1330.0,0.18,21.0,0.25
GW230922_020344-v2,1379383442.9,39.3,29.2,68.7,65.4,13.4,1640.0,0.03,29.2,0.31
GW230922_040658-v2,1379390836.1,76.0,51.0,125.0,119.0,12.5,6500.0,0.31,52.0,0.96
GW230924_124453-v2,1379594711.8,28.8,23.2,51.8,49.4,13.5,2400.0,0.02,22.3,0.42
GW230927_043729-v2,1379824667.1,35.0,27.1,61.9,59.0,12.1,3200.0,0.01,26.5,0.55
GW230927_153832-v2,1379864330.9,21.7,16.6,38.3,36.5,20.3,1190.0,0.03,16.37,0.23
GW230928_215827-v2,1379973525.1,54.0,29.0,83.0,79.0,10.5,4900.0,0.4,33.6,0.77
GW230930_110730-v2,1380107268.4,34.5,24.4,59.0,56.3,9.0,4900.0,0.02,24.8,0.76
GW231001_140220-v2,1380204158.7,76.0,41.0,116.0,111.0,11.5,4400.0,-0.04,46.6,0.7
GW231004_232346-v2,1380497044.3,64.0,35.0,99.0,96.0,8.9,4400.0,-0.04,40.0,0.7
GW231005_021030-v2,1380507049.0,84.0,50.0,133.0,127.0,10.4,6300.0,0.1,54.0,0.93
GW231005_091549-v2,1380532567.5,28.8,21.2,50.2,48.0,11.0,3800.0,-0.03,21.3,0.62
GW231008_142521-v2,1380810339.8,45.0,25.6,71.0,69.0,9.3,3000.0,-0.01,29.0,0.51
GW231014_040532-v2,1381291551.0,20.6,14.7,35.6,33.8,9.0,2300.0,0.18,15.0,0.42
GW231018_233037-v2,1381707055.0,11.6,7.3,19.0,18.2,9.1,1540.0,0.01,7.9,0.29
GW231020_142947-v2,1381847405.6,12.0,7.4,19.8,18.8,12.0,1230.0,0.14,8.07,0.24
GW231026_130704-v2,1382360842.2,34.0,20.8,55.0,53.0,8.3,4400.0,0.03,22.8,0.71
GW231028_153006-v2,1382542224.3,94.0,59.0,153.0,144.0,22.4,4200.0,0.45,63.0,0.68
GW231029_111508-v2,1382613326.8,65.0,42.0,106.0,101.0,10.8,3100.0,0.14,44.4,0.53
GW231102_071736-v2,1382944674.4,61.0,42.0,102.0,98.0,15.6,3800.0,0.06,43.3,0.63
GW231104_133418-v2,1383140076.9,12.2,8.6,21.0,20.0,11.8,1470.0,0.14,8.84,0.28
GW231108_125142-v2,1383483120.5,23.2,17.4,40.6,38.9,12.6,2050.0,-0.08,17.3,0.37
GW231110_040320-v2,1383624218.2,19.4,12.6,32.2,30.6,11.5,1890.0,0.17,13.4,0.35
GW231113_122623-v2,1383913601.9,39.8,26.4,67.0,63.0,8.6,3400.0,0.33,27.9,0.56
GW231113_150041-v2,1383922859.4,56.0,29.0,85.0,82.0,8.7,5200.0,0.04,34.0,0.8
GW231113_200417-v2,1383941075.9,11.6,7.4,19.2,18.3,10.5,1160.0,0.13,8.0,0.23
GW231114_043211-v2,1383971549.2,22.8,8.2,31.1,30.1,10.0,1390.0,0.08,11.6,0.26
GW231118_005626-v2,1384304204.8,20.0,10.8,31.0,29.4,10.7,2190.0,0.38,12.6,0.39
GW231118_071402-v2,1384326860.2,43.0,29.0,72.0,69.0,9.2,4300.0,0.12,30.3,0.69
GW231118_090602-v2,1384333580.0,12.9,7.4,20.6,19.6,11.0,1360.0,0.08,8.36,0.26
GW231123_135430-v3,1384782888.7,137.0,101.0,236.0,222.0,21.8,2200.0,0.32,101.0,0.4
GW231127_165300-v2,1385139198.9,45.0,28.0,74.0,71.0,9.9,4500.0,0.05,30.4,0.71
GW231129_081745-v2,1385281083.6,45.0,23.8,69.0,66.0,9.4,3800.0,0.03,27.8,0.62
GW231206_233134-v2,1385940712.5,35.6,28.2,63.5,60.6,12.8,3200.0,-0.08,27.2,0.54
GW231206_233901-v2,1385941159.5,37.6,28.5,66.0,63.1,21.9,1490.0,-0.05,28.2,0.28
GW231213_111417-v2,1386501275.9,35.6,27.2,62.6,59.6,10.4,4000.0,0.06,26.7,0.65
GW231221_135041-v2,1387201859.3,47.0,29.0,76.0,73.0,10.0,4600.0,0.01,31.0,0.72
GW231223_032836-v2,1387337334.1,46.0,31.0,76.0,73.0,10.2,4200.0,-0.16,31.9,0.67
GW231223_075055-v2,1387353073.3,11.9,6.8,19.0,18.1,9.4,970.0,0.07,7.8,0.19
GW231223_202619-v2,1387398397.0,11.1,8.3,19.6,18.7,10.1,890.0,0.1,8.35,0.18
GW231224_024321-v2,1387421020.0,9.3,7.31,16.66,15.89,14.0,950.0,-0.01,7.13,0.19
GW231226_101520-v2,1387620938.3,40.2,35.1,75.0,71.6,34.7,1180.0,-0.08,32.5,0.23
GW231230_170116-v2,1387990895.0,53.0,35.0,89.0,86.0,8.2,5700.0,-0.18,37.0,0.87
GW231231_154016-v2,1388072434.7,22.5,17.2,39.9,38.1,13.4,1070.0,-0.03,17.1,0.21
GW240104_164932-v2,1388422190.6,42.3,32.2,74.3,70.7,14.8,1910.0,0.09,31.8,0.35
GW240107_013215-v2,1388626353.7,59.0,33.0,92.0,87.0,9.6,5800.0,0.32,36.7,0.88
GW240109_050431-v2,1388811889.8,28.7,18.1,47.1,45.2,10.4,1500.0,-0.07,19.7,0.28
GW240413_022019-v1,1397010037.8,7.9,5.57,13.56,12.92,18.1,570.0,0.07,5.74,0.12
GW240414_054515-v1,1397108733.2,38.8,25.9,65.0,62.2,11.2,1530.0,0.03,27.1,0.29
GW240426_031451-v1,1398136510.0,52.0,36.0,88.0,84.0,10.3,4000.0,-0.05,37.1,0.65
GW240428_225440-v1,1398380098.1,19.8,14.7,34.6,33.0,15.6,840.0,0.03,14.72,0.17
GW240501_033534-v1,1398569752.9,38.6,27.7,66.0,63.1,10.6,4700.0,0.04,28.0,0.74
GW240505_133552-v1,1398951370.6,31.0,23.1,54.0,51.8,9.4,4700.0,-0.13,23.0,0.74
GW240507_041632-v1,1399090610.4,31.3,8.5,39.9,38.9,10.2,1450.0,0.01,13.8,0.28
GW240511_031507-v1,1399432526.0,40.5,32.2,72.6,69.1,16.3,1990.0,0.05,31.1,0.36
GW240512_024139-v1,1399516917.1,12.6,8.0,20.7,19.7,11.6,1170.0,0.14,8.62,0.23
GW240513_183302-v1,1399660400.9,24.4,16.9,41.4,39.4,14.5,2250.0,0.14,17.4,0.4
GW240514_121713-v1,1399724251.7,46.8,36.7,82.7,78.9,16.9,2590.0,0.01,35.4,0.45
GW240515_005301-v1,1399769599.1,37.1,18.5,56.3,53.2,12.8,3800.0,0.47,22.4,0.63
GW240519_012815-v1,1400117314.0,65.0,39.0,104.0,100.0,10.6,1740.0,-0.04,43.1,0.32
GW240525_031210-v1,1400641948.6,31.1,21.4,52.8,50.2,9.1,4500.0,0.17,22.1,0.72
GW240526_093944-v1,1400751602.7,14.5,8.4,23.2,22.1,9.7,1940.0,0.22,9.5,0.35
GW240527_183429-v1,1400870087.1,52.0,33.0,84.0,80.0,10.4,6400.0,0.31,34.5,0.96
GW240527_230910-v1,1400886568.4,27.6,10.0,37.5,36.4,11.0,1190.0,-0.03,14.07,0.23
GW240530_012417-v1,1401067476.0,14.1,8.3,22.6,21.6,10.8,1010.0,0.04,9.26,0.2
GW240531_040326-v1,1401163424.6,19.5,14.3,34.0,32.3,9.1,3000.0,0.14,14.4,0.52
GW240531_075248-v1,1401177186.5,33.0,22.6,55.6,53.1,9.3,4100.0,0.04,23.4,0.67
GW240601_061200-v1,1401257538.3,52.0,32.0,85.0,82.0,10.0,5100.0,-0.08,35.3,0.79
GW240601_231004-v1,1401318622.0,10.6,7.7,18.6,17.7,10.4,1270.0,0.09,7.8,0.25
GW240612_081540-v1,1402215358.7,55.0,38.0,92.0,88.0,9.9,6200.0,0.07,38.5,0.93
GW240615_113620-v1,1402486598.7,34.0,26.4,60.4,57.8,26.4,1560.0,-0.07,25.9,0.29
GW240615_160735-v1,1402502873.4,28.5,20.0,48.5,45.9,13.1,4000.0,0.28,20.4,0.65
GW240621_200935-v1,1403035793.5,41.6,31.6,73.0,70.0,10.7,4800.0,-0.09,31.1,0.75
GW240622_004008-v1,1403052026.4,18.6,11.3,30.2,28.7,12.7,1470.0,0.25,12.5,0.28
GW240629_145256-v1,1403707994.8,11.1,7.8,18.9,18.1,12.7,1280.0,0.04,8.01,0.25
GW240630_101703-v1,1403777841.4,28.6,21.6,50.2,48.0,10.6,3200.0,-0.04,21.4,0.54
GW240703_191355-v1,1404069253.3,34.4,26.4,61.2,58.3,10.1,1880.0,0.05,26.2,0.34
GW240705_053215-v1,1404192753.9,47.1,35.3,81.9,78.2,16.8,3700.0,-0.03,34.9,0.61
GW240716_034900-v1,1405136958.5,40.3,26.5,66.8,63.9,12.9,1860.0,-0.02,28.1,0.34
GW240824_205609-v1,1408568187.3,70.0,37.0,107.0,103.0,9.0,5300.0,0.08,43.0,0.81
GW240825_055146-v1,1408600325.0,13.2,7.9,21.3,20.3,10.3,1250.0,0.07,8.77,0.24
GW240830_211120-v1,1409087498.4,11.9,7.8,19.8,18.9,11.1,1140.0,0.07,8.33,0.22
GW240902_143306-v1,1409322804.8,24.4,18.3,42.7,40.8,10.6,2900.0,-0.03,18.2,0.49
GW240907_153833-v1,1409758731.8,38.0,28.3,67.0,63.0,10.5,4500.0,0.04,28.3,0.71
GW240908_082628-v1,1409819206.4,39.8,27.7,68.0,65.0,11.1,3100.0,0.14,28.6,0.53
GW240908_125134-v1,1409835112.3,45.0,32.0,77.0,74.0,8.6,4700.0,-0.09,32.5,0.74
GW240910_103535-v1,1409999753.5,10.9,6.3,17.3,16.6,17.8,740.0,0.12,7.16,0.15
GW240915_001357-v1,1410394455.7,10.9,7.7,18.8,17.88,16.4,920.0,0.13,7.95,0.18
GW240915_105151-v1,1410432729.1,11.6,7.5,19.4,18.5,13.9,630.0,0.07,8.07,0.13
GW240916_184352-v1,1410547450.3,10.7,7.8,18.7,17.8,9.8,1280.0,0.05,7.89,0.25
GW240919_061559-v1,1410761777.2,38.3,29.6,67.8,64.7,16.9,1870.0,-0.02,29.0,0.34
GW240920_073424-v1,1410852882.5,24.7,13.4,38.2,36.7,14.0,1440.0,-0.09,15.6,0.27
GW240920_124024-v1,1410871242.9,37.1,31.9,68.8,65.6,37.4,1090.0,-0.04,29.8,0.21
GW240922_142106-v1,1411050084.4,11.5,7.8,19.3,18.4,12.5,1230.0,0.07,8.12,0.24
GW240923_204006-v1,1411159224.1,46.1,34.9,79.9,76.3,13.6,4000.0,0.01,34.1,0.65
GW240924_000316-v1,1411171414.5,46.0,34.0,80.0,76.0,11.4,3700.0,0.1,34.2,0.61
GW240925_005809-v2,1411261108.0,9.02,6.99,16.07,15.32,31.2,356.0,0.02,6.85,0.08
GW240930_035959-v1,1411704018.0,25.5,11.2,36.8,35.5,16.1,950.0,-0.05,14.5,0.19
GW240930_234614-v1,1411775192.9,35.8,21.9,58.0,55.5,11.3,3600.0,0.04,23.9,0.6
GW241002_030559-v1,1411873577.7,37.3,29.9,67.2,64.2,11.9,1460.0,-0.1,28.8,0.28
GW241006_015333-v1,1412214831.5,24.6,20.3,44.9,42.7,17.6,1850.0,0.07,19.4,0.34
GW241007_082943-v1,1412325001.2,36.6,26.6,63.2,60.1,9.8,4000.0,0.11,26.7,0.65
GW241009_022835-v1,1412476133.7,37.1,26.8,64.0,61.0,8.4,5600.0,0.09,27.1,0.85
GW241009_084816-v1,1412498914.8,12.7,8.1,21.0,20.1,12.1,1130.0,-0.05,8.78,0.22
GW241009_220455-v1,1412546713.5,33.2,25.5,58.9,56.0,10.0,2900.0,0.11,25.2,0.5
GW241011_233834-v2,1412725133.0,19.5,5.96,25.5,24.4,35.8,212.0,0.5,9.09,0.05
GW241101_220523-v1,1414533941.1,41.0,19.3,60.2,57.7,10.6,2200.0,0.15,23.6,0.39
GW241102_124058-v1,1414586476.8,10.9,8.0,19.01,18.1,21.7,390.0,0.06,8.12,0.08
GW241102_144729-v1,1414594067.7,44.4,31.0,75.1,72.0,12.7,3400.0,-0.09,31.5,0.57
GW241109_033317-v1,1415158416.0,42.4,31.7,74.0,70.0,11.3,2700.0,0.01,31.4,0.46
GW241109_115924-v1,1415188782.9,7.3,5.14,12.51,11.94,11.9,600.0,0.01,5.29,0.12
GW241110_124123-v2,1415277701.7,16.4,8.0,24.5,23.7,10.2,740.0,-0.31,9.84,0.15
GW241111_111552-v1,1415358970.6,25.3,20.5,45.4,43.2,16.3,1550.0,0.1,19.5,0.29
GW241113_163507-v1,1415550925.5,19.3,14.4,33.9,31.7,12.5,1360.0,0.5,14.4,0.26
GW241114_024711-v1,1415587649.8,47.0,25.0,71.9,68.9,11.3,2600.0,0.12,29.2,0.45
GW241114_235258-v1,1415663596.1,11.3,7.7,19.1,18.2,12.4,790.0,0.06,8.04,0.16
GW241116_151753-v1,1415805491.7,70.0,24.0,99.0,95.0,10.5,5700.0,0.28,34.0,0.87
GW241124_024914-v1,1416451772.3,42.0,26.0,70.0,67.0,8.7,4500.0,0.04,28.4,0.72
GW241125_010116-v1,1416531694.8,60.0,47.0,106.0,101.0,11.0,4700.0,0.09,45.0,0.74
GW241127_061008-v1,1416723026.2,63.8,20.8,85.3,83.0,31.3,1080.0,-0.16,30.8,0.21
GW241129_021832-v1,1416881930.6,30.4,23.0,53.3,50.6,16.7,2550.0,0.17,22.7,0.45
GW241130_034908-v1,1416973766.6,29.9,24.3,54.2,51.6,13.8,1990.0,0.05,23.3,0.36
GW241130_110422-v1,1416999880.1,11.1,6.5,17.8,17.0,10.3,1320.0,0.04,7.31,0.25
GW241201_055758-v1,1417067896.6,47.0,33.0,80.0,76.0,9.0,7100.0,0.13,33.5,1.03
GW241210_060606-v1,1417845984.8,29.0,21.4,50.2,47.9,13.4,2600.0,0.04,21.3,0.45
GW241210_120900-v1,1417867758.6,40.0,23.6,64.0,62.0,9.0,3600.0,-0.07,26.3,0.59
GW241225_042553-v1,1419135971.2,12.4,8.1,20.6,19.6,16.5,660.0,0.12,8.65,0.14
GW241225_082815-v1,1419150513.7,55.7,42.2,98.0,94.0,19.5,1880.0,-0.17,41.8,0.34
GW241229_155844-v1,1419523142.7,52.0,33.0,85.0,82.0,8.7,6800.0,0.05,35.0,1.0
GW241230_084504-v1,1419583522.5,42.4,33.5,75.6,72.4,11.1,2900.0,-0.14,32.4,0.5
GW241230_233618-v1,1419636996.1,68.0,49.0,116.0,112.0,12.2,2700.0,-0.14,49.3,0.47
GW241231_054133-v1,1419658911.6,12.4,7.1,19.6,18.7,17.4,910.0,0.08,8.08,0.18
GW250101_011205-v1,1419729143.0,30.0,21.1,50.8,48.7,9.8,3200.0,-0.05,21.5,0.54
GW250104_015122-v1,1419990700.3,45.8,34.5,80.0,76.0,12.1,4800.0,0.11,33.9,0.76
GW250108_152221-v1,1420384959.7,54.0,36.0,90.0,86.0,11.8,3800.0,0.05,37.6,0.63
GW250109_010541-v1,1420419959.5,37.5,27.4,64.9,62.2,13.1,3400.0,-0.11,27.4,0.56
GW250109_074552-v1,1420443970.4,39.0,30.2,69.2,65.9,10.7,2300.0,0.07,29.6,0.41
GW250114_082203-v2,1420878141.2,33.76,32.26,66.0,62.9,78.6,405.0,-0.03,28.71,0.09
GW250116_015318-v1,1421027616.4,34.2,21.3,56.0,53.0,8.0,5200.0,0.15,23.0,0.8
GW250118_023225-v1,1421202763.9,44.0,31.0,74.0,71.0,9.0,5800.0,0.04,31.1,0.88
GW250118_055802-v1,1421215100.5,10.3,6.9,17.5,16.6,10.5,940.0,0.11,7.36,0.19
GW250118_170523-v1,1421255141.2,38.1,29.6,67.8,64.4,13.9,1910.0,0.12,29.0,0.35
GW250119_025138-v1,1421290316.8,33.8,26.7,59.9,57.1,14.5,3100.0,0.06,25.7,0.52
GW250119_190238-v1,1421348576.3,11.54,9.95,21.64,20.56,21.3,311.0,0.09,9.38,0.07
GW250207_115645-v1,1422964623.3,35.2,30.6,65.9,62.7,68.91,187.0,0.0,28.57,0.04
